{
    "products": [
        {
            "name": "בושם מולקולות",
            "price": 149,
            "image": "https://cdn.speedsize.com/c96ef425-468a-4628-9088-18d710e20386/https://d3m9l0v76dty0.cloudfront.net/system/photos/10703977/extra_large/d91edbcbca7d04e21222e9d4443def03.jpg"
        },
        {
            "name": "בושם אליאן לאשה",
            "price":399 ,
            "image": "https://images.ecom.azrieli.com/_images_/c/4/9/e/c49e495935660895fdfc479bd99a882ea0416c63_351e8e89766c45799e3971fc1359078e.jpg?func=bound&bg_color=white&trim=5&fit_enlarge=1&width=500&height=700"
        },
        {
            "name": "בושם נשים Coco Mademoiselle L'Eau Privée Chanel א.ד.פ 100 מ”ל שאנל ",
            "price":599 ,
            "image": "https://d3m9l0v76dty0.cloudfront.net/system/photos/12898426/large/bfdbb00bb8959e4c1a38393742c0cfee.jpg"
        },
        {
            "name": "LA VIE EST BELLE EAU DE PARFUM לה וי אה בל או דה פרפיום",
            "price":289 ,
            "image":"https://www.lancome.co.il/dw/image/v2/AAQP_PRD/on/demandware.static/-/Sites-lac-master-catalog/default/dw84e9f5c8/images/PACKSHOTS/FRAGRANCE/LA_VIE_EST_BELLE/313013_La_Vie_Est_Belle_Eau_De_Parfum/100ml.jpg?sw=500&sh=500&sm=fit"
        },
        {
            "name": "בושם ורסצ'ה לאשה",
            "price": 299 ,
            "image": "https://lilit.co.il/media/catalog/product/cache/b39fb8251ba699bf3f4c24530a481f62/8/0/8011003993819_1.jpg"
        },
        {
            "name": "בושם גברים Sauvage Dior EDP 100 מ”ל דיור",
            "price":499 ,
            "image":"https://d3m9l0v76dty0.cloudfront.net/system/photos/12908427/large/982834ffa79178f7e8cd9aa33d89a53b.jpg"
        },
        {
            "name": " בושם AL HARAMAIN AMBER OUD GOLD א.ד.פ",
            "price": 299,
            "image":"https://lilit.co.il/media/catalog/product/cache/b39fb8251ba699bf3f4c24530a481f62/6/2/6291100130122_1.jpg"
        },
        {
            "name": "  בושם TOM FORD BLACK ORCHID א.ד.פ",
            "price": 579 ,
            "image": "https://www.april.co.il/Media/Uploads/--888066000062.webp"
        },
        {
            "name": "BY Kilian Woman In Gold א.ד.פ לאשה",
            "price":999 ,
            "image":"https://superpharmstorage.blob.core.windows.net/hybris/products/desktop/medium/3700550218210.jpg"
        },
        {
            "name": " HERMES TERE D א.ד.ט לגבר",
            "price": 790 ,
            "image": "https://superpharmstorage.blob.core.windows.net/hybris/products/desktop/medium/3346130013457.jpg"
        },
        {
            "name": " KAJAL HOMME II א.ד.פ לגבר",
            "price": 699,
            "image": "https://superpharmstorage.blob.core.windows.net/hybris/products/desktop/medium/3760310290023.jpg"
        },
        {
            "name": " Gentlemen Only Givenchy edt Men ",
            "price": 269,
            "image":"https://www.callperfume.co.il/Media/Uploads/191-4736_gentlemem-only-givenchy_Custom(1).jpg"
        },
        {
            "name": "קלואה נומאד אדפ 75 מל + תחליב גוף 100 מל + אדפ 5 מל",
            "price": 429,
            "image": "https://365mashbir.co.il/cdn/shop/files/Untitleddesign-2023-11-09T154937.088.jpg?v=1699537783&width=990"
        },
        {
            "name": "מארז לגבר ",
            "price": 370 ,
            "image": "https://365mashbir.co.il/cdn/shop/products/Untitleddesign-2023-03-13T183954.640.jpg?v=1689700082&width=823"
        },
        {
            "name": "סט אמברקומבי בלו לגבר",
            "price":189 ,
            "image": "https://365mashbir.co.il/cdn/shop/files/Untitled_1000x1500px_-2023-09-18T170330.514.jpg?v=1695045816&width=823"
        },
        {
            "name": "LADY MILLION",
            "price":199 ,
            "image": "https://365mashbir.co.il/cdn/shop/files/Untitleddesign-2023-11-06T172558.711.jpg?v=1699284365&width=823"
        },
        {
            "name": "סט גולדן סנרייז",
            "price": 249 ,
            "image": "https://365mashbir.co.il/cdn/shop/products/Untitleddesign-2022-09-12T092337.004.jpg?v=1689630465&width=823"
        },
        {
            "name": "Méthode Jeanne Piaubert קרם לעור יבש עד רגיל הידרו אקטיב" ,
            "price": 191 ,
            "image": "https://www.april.co.il/Media/Uploads/3355998701611-.webp"
        },
        {
            "name": "Clinique קרם לחות במרקם קליל SPF25" ,
            "price": 157 ,
            "image": "https://www.april.co.il/Media/Uploads/192333150580-.webp"
        },
        {
            "name": "Stendhal קרם לחות הידרו הרמוני" ,
            "price":333 ,
            "image":"https://www.april.co.il/Media/Uploads/3355996043942-.webp"
        },
        {
            "name": "Lancome קרם רנג'רי H.P.N פפטידים" ,
            "price": 458 ,
            "image": "https://www.april.co.il/Media/Uploads/3614273924061-.webp"
        },
        {
            "name": "Estee Lauder קרם לחות דיי וור לעור יבש SPF 15" ,
            "price": 242 ,
            "image": "https://www.april.co.il/Media/Uploads/27131763529-.webp"
        },
        {
            "name": "Stendhal קרם לחות פור לוקס אנטי אייג'ינג במרקם קליל" ,
            "price": 974,
            "image": "https://www.april.co.il/Media/Uploads/3355996044000-.webp"
        },
        {
            "name": "Méthode Jeanne Piaubert קרם יום סקין ברקפסט" ,
            "price":131 ,
            "image": "https://www.april.co.il/Media/Uploads/3355998701437-.webp"
        },
        {
            "name": "Méthode Jeanne Piaubert קרם יום ולילה דיווין סקין" ,
            "price":303 ,
            "image": "https://www.april.co.il/Media/Uploads/3355998701215-.webp"
        },
        {
            "name": "Estee Lauder קרם לילה רוויטלייזינג סופרים+ לשיקום אינטינסיבי" ,
            "price":331 ,
            "image":"https://www.april.co.il/Media/Uploads/887167567290-.webp"
        },
        {
            "name": "Clinique קרם לחות במרקם ג'ל ל-100 שעות" ,
            "price":131 ,
            "image":"https://www.april.co.il/Media/Uploads/192333066935-.webp"
        }
    ]
}